x,y,desired_speed
8.261196319759573,-7.598130186723457,2024.478327077573
8.25123529128996,-7.630899201209272,2018.4816165316904
8.23936596368768,-7.666901348575297,2013.1161778089265
8.228429481085467,-7.702277756654757,2008.408035071601
8.21689642874744,-7.737242387808751,2004.3757770070854
8.204875460838732,-7.769810320583173,2001.030556827801
8.191660169172387,-7.80134857676458,1998.3760922712233
8.177629202288959,-7.832929944280636,1996.4086655998774
8.162451237790684,-7.862933133233618,1995.1171236013408
8.147680152588082,-7.891112370424817,1994.4828775882422
8.133564493110077,-7.917192414107795,1994.4799033982629
8.119167382786278,-7.9394108107667485,1995.0747413941347
8.105346177431752,-7.9588325227455785,1996.2264964636418
8.093595044336698,-7.972399990463064,1997.8868380196188
8.08278436985419,-7.9806666474633365,1999.9999999999534
8.074851919637817,-7.998955033220449,1999.9999999999534
8.067643938896943,-8.016349761313812,1999.9999999999534
8.06103922313612,-8.033249198843748,1999.9999999999534
8.051159159683547,-8.048942601337608,1999.9999999999534
8.039451471594484,-8.06385962207286,1999.9999999999534
8.027417421718727,-8.079435892242536,1999.9999999999534
8.015218742449736,-8.09416570365021,1999.9999999999534
8.00170803839561,-8.108812209146093,1999.9999999999534
7.987957867707512,-8.124334283607867,1999.9999999999534
7.973605211469282,-8.141570579093395,1999.9999999999534
7.959847693983652,-8.157720021635392,1999.9999999999534
7.945649868414016,-8.173217277601008,1999.9999999999534
7.930774644242871,-8.18854859793922,1999.9999999999534
7.915862584509371,-8.20446015746145,1999.9999999999534
7.900229898041568,-8.218965216718702,1999.9999999999534
7.885096492514947,-8.234865252998555,1999.9999999999534
7.870540796863263,-8.250181395011374,1999.9999999999534
7.856900162520086,-8.267013324236261,1999.9999999999534
7.8458315868418325,-8.281194697306388,1999.9999999999534
7.833631425905829,-8.296810113461875,1999.9999999999534
7.820426563953183,-8.311732067905716,1999.9999999999534
7.807294604710248,-8.32922685245787,1999.9999999999534
7.797250731776979,-8.347197942557333,1999.9999999999534
7.7873886697465995,-8.36470217821325,1999.9999999999534
7.77792965632796,-8.382920827371548,1999.9999999999534
7.766871955571979,-8.402140507640292,1999.9999999999534
7.752973033267436,-8.419731932826464,1999.9999999999534
7.738688763285974,-8.438213910154682,1999.9999999999534
7.723937253288277,-8.456030324598865,1999.9999999999534
7.7075446030353,-8.474612209633554,1999.9999999999534
7.689843357960378,-8.493696467143234,1999.9999999999534
7.6713266228340995,-8.512514330387,1999.9999999999534
7.653631790344218,-8.533260878801297,1999.9999999999534
7.634463099841065,-8.55486583180993,1999.9999999999534
7.6164549930212395,-8.57615977961728,1999.9999999999534
7.5992035790611085,-8.596802498536432,1999.9999999999534
7.581818591748084,-8.617604363872537,1999.9999999999534
7.562738140292242,-8.639181336051257,1999.9999999999534
7.543865830987727,-8.660188094652229,1999.9999999999534
7.526580992517653,-8.68339826221594,1999.9999999999534
7.509310521853557,-8.706066162894068,1999.9999999999534
7.49300410081315,-8.731084208779968,1999.9999999999534
7.478975112916565,-8.756979527931632,1999.9999999999534
7.464264107611337,-8.783340130019303,1999.9999999999534
7.452936067182555,-8.809850211146713,1999.9999999999534
7.446245080121894,-8.838464291694736,1999.9999999999534
7.442232487308598,-8.867572399937531,1999.9999999999534
7.440462992076767,-8.898431182430652,1999.9999999999534
7.440911988103779,-8.928764828215177,1999.9999999999534
7.443761964060079,-8.960801660365355,1999.9999999999534
7.448252138649302,-8.991664975746701,1999.9999999999534
7.455803001813948,-9.023066806312746,1999.9999999999534
7.465748215209734,-9.052993245950036,1999.9999999999534
7.47467356103612,-9.083655975084957,1999.9999999999534
7.484331805320286,-9.114657579961289,1999.9999999999534
7.493862539923692,-9.144854335415072,1999.486803519015
7.502932031582632,-9.173746597491645,1998.643695014616
7.513441284116312,-9.203678834785299,1997.6413186368225
7.5261055135664785,-9.233476349499709,1996.637678228288
7.5387559881458115,-9.26227062811915,1995.778137324253
7.551893596016592,-9.289611285467178,1995.1954191525472
7.568154462422692,-9.317366370301691,1995.0096066335866
7.584894606290884,-9.345947132799381,1995.3281423803762
7.601249732249459,-9.3717578266324,1996.2458286985072
7.6192227928257,-9.39549402225574,1997.8448275861604
7.636556844170997,-9.41857720410876,2000.1946607341022
7.653767394226212,-9.441736725744846,2003.3522095256887
7.67072399249785,-9.463836850312834,2007.361715036863
7.685515757245457,-9.482813226967856,2012.254778036155
7.700956320180773,-9.502804221239636,2018.0503589846833
7.715758790816584,-9.520645796450241,2024.7547780361547
7.733548142229432,-9.536867431822815,2032.3617150368623
7.751727260658132,-9.55069492541317,2040.852209525688
7.770234523008901,-9.563704829296658,2050.194660734101
7.791397761954675,-9.57562247376758,2060.3448275861588
7.814668718060306,-9.587256390593708,2071.364258655645
7.835901020037422,-9.59852670896932,2083.141135838529
7.8578718227827675,-9.610632327859694,2095.5539177173837
7.8797742493985785,-9.621532602443008,2108.4713395613903
7.9029880214619945,-9.632593062269779,2121.752413326335
7.923170116584558,-9.641537809937768,2135.2464276546093
7.944779457089988,-9.651410918293447,2148.792947875211
7.967666846027999,-9.661925969090621,2162.2218160037455
7.9900656456056875,-9.674800215460243,2175.3531507424213
8.012599969432678,-9.687475882794836,2187.9973474800554
8.033646014506184,-9.70023781139933,2199.9550782920683
8.054497893471268,-9.71371451284985,2211.726413186317
8.076630103321428,-9.727913870535666,2223.3011426837384
8.098120194916177,-9.743188199531652,2234.671974299286
8.118866474384442,-9.759858959212197,2245.834532541933
8.140203641840325,-9.777894458679624,2256.78735891467
8.162229679914507,-9.7969247071831,2267.5319119145065
8.184649257629015,-9.815020243436328,2278.072567032469
8.20556383390118,-9.831989113193739,2288.4166167536046
8.22544541742054,-9.848437526448434,2298.5742705569755
8.2455731431513,-9.863549231349081,2308.558654915664
8.265933320452005,-9.877675994267959,2318.3858132967716
8.284058468662742,-9.888936286951829,2328.074706161415
8.301304710844125,-9.89728556876047,2337.6472109647316
8.320742587692557,-9.905526582283986,2347.128122155876
8.339201215323715,-9.912787961014068,2356.5451511780216
8.359770929023407,-9.917892696931435,2366.9102032560877
8.381997190218087,-9.923046937316577,2377.906367825667
8.404987053057502,-9.927794353816969,2389.243820695378
8.428254948293901,-9.933094736453716,2400.6598240468647
8.450881752771792,-9.939388430264582,2411.918726434799
8.471354943165903,-9.945969034659214,2422.648319422456
8.49375771737394,-9.953904239602343,2432.6189939092596
8.515782699445836,-9.960501480096264,2441.62531017364
8.536958095582966,-9.968294770603203,2449.4859978730374
8.557047838226978,-9.97713809245019,2456.043956043899
8.58077320255397,-9.987408014331558,2461.16625310168
8.603156085217162,-9.997789186141699,2464.744126840844
8.62529002310656,-10.008518364857661,2466.692984434862
8.646718902349686,-10.018432129970497,2466.952402436216
8.66897687480945,-10.029577062083034,2465.486126776392
8.691295136355224,-10.040527924249389,2462.2820727658864
8.714246652925237,-10.052578204798163,2457.352325094203
8.73470993224845,-10.067416778400117,2450.7331378298545
8.753514121022265,-10.0833946248302,2442.4849344203617
8.770067455064401,-10.098687177644788,2432.6923076922512
8.785940454420311,-10.112263578996037,2421.46401985106
8.802690484559339,-10.125365034931994,2408.9330024813335
8.817967519273244,-10.137112347739338,2395.256356546623
8.833671990596278,-10.1487919833936,2380.6153523894905
8.851863740425564,-10.159695112023122,2365.2154297315037
8.872778859572156,-10.170367092951647,2349.28619767324
8.890494104176588,-10.179847662048719,2333.0814346942834
8.909063254576502,-10.190539008393026,2316.879088653228
8.926822109140302,-10.202018061838059,2300.9812767876747
8.944126390413452,-10.215231389334138,2285.714285714232
8.961160281405931,-10.227480041887203,2271.428571428519
8.978325711747827,-10.239166394209336,2257.142857142804
8.997157003983821,-10.25028542415979,2242.857142857091
9.01656557555284,-10.262669422773914,2228.5714285713766
9.03414574241667,-10.27583286906648,2214.2857142856624
9.053938860308477,-10.288597984502921,2199.413489736019
9.07468980832935,-10.300857548911747,2184.164222873849
9.092167341579415,-10.313080700014838,2168.732935584943
9.111359950654808,-10.32568835641678,2153.3002036894745
9.132984785926947,-10.338944874749128,2138.032156942007
9.153614215690922,-10.351080910065333,2123.0804790314864
9.1730974479861,-10.36229290264446,2108.582407581246
9.193766632726938,-10.373243349704616,2094.6607341490053
9.214832436019414,-10.383992963505776,2081.4238042268703
9.237683030632503,-10.394665995998407,2068.9655172413313
9.258771999145488,-10.403962311226453,2057.3653265532653
9.281203975084377,-10.414670027809365,2046.6882394579359
9.303279776765208,-10.425548654334465,2036.984817184992
9.325207719620373,-10.435729327822362,2028.2911748984693
9.345169073019598,-10.443895656318146,2020.6289816967874
9.3653721753837,-10.451766516191743,2014.0054606127553
9.386362441363893,-10.45966123648068,2008.4133886135642
9.407222954486032,-10.468375615673711,2003.8310966007937
9.427599073502803,-10.477470780448902,2000.2224694104095
9.450557993233849,-10.487675881875964,1997.5369458127614
9.471360757282387,-10.49884376845425,1995.7095185125866
9.4888754504362,-10.511860843673642,1994.6607341490078
9.505401952500378,-10.527681618329554,1994.2966932955344
9.520829187152358,-10.545070010122839,1994.5090504600605
9.535291648253484,-10.56337489898609,1995.1750140848674
9.548836696098546,-10.580561458846931,1996.1573465466215
9.566347585394185,-10.597108762157198,1997.3043641563756
9.586424869076707,-10.615636181219577,1998.4499371595682
9.603680604016422,-10.63444752565406,1999.4134897360238
9.621572208307208,-10.652748974465615,1999.9999999999534
9.641681480250996,-10.669900951568685,1999.9999999999534
9.660433731143936,-10.687688737760821,1999.9999999999534
9.679115513752,-10.706001844633418,1999.9999999999534
9.701720181940756,-10.722987323159323,1999.9999999999534
9.724884766884516,-10.73853108787407,1999.9999999999534
9.748571204980378,-10.750875334453431,1999.9999999999534
9.775495088531105,-10.761261337734236,1999.9999999999534
9.8042687981034,-10.768983347435292,1999.9999999999534
9.833951302219036,-10.774537616743755,1999.9999999999534
9.86613274784068,-10.777754861550765,1999.9999999999534
9.897909558647301,-10.779544578013066,1999.9999999999534
9.93085452643125,-10.77951430343343,1999.9999999999534
9.964787191030048,-10.774854349914412,1999.9999999999534
9.99645257106386,-10.7681497653076,1999.9999999999534
10.025526465214359,-10.759075163496256,1999.9999999999534
10.055946693010656,-10.748400776972822,1999.9999999999534
10.086443044342875,-10.735777612782778,1999.9999999999534
10.115482669942178,-10.724283934766564,1999.9999999999534
10.14310975358367,-10.711599259375419,1999.9999999999534
10.171202119434387,-10.69927076803031,1999.9999999999534
10.198482591472315,-10.685580756558418,1999.9999999999534
10.226051067880478,-10.671654957197868,1999.9999999999534
10.251005571263132,-10.65725582496978,1999.9999999999534
10.275958043314178,-10.6404853279871,1999.9999999999534
10.299985408561579,-10.622240646547356,1999.9999999999534
10.32468872872297,-10.602111435536363,1999.9999999999534
10.350089435275994,-10.581335982381136,1999.9999999999534
10.37331821304793,-10.56067582423318,1999.9999999999534
10.393673705316322,-10.539893753546828,1999.9999999999534
10.41485217258548,-10.51932069474732,1999.9999999999534
10.4340290285144,-10.498383244114777,1999.9999999999534
10.450717141651946,-10.476535647745221,1999.9999999999534
10.466829416939204,-10.454152160331418,1999.9999999999534
10.48252412594705,-10.431141114243221,1999.9999999999534
10.496654431118225,-10.407488387062083,1999.9999999999534
10.511814443495354,-10.382833559155847,1999.9999999999534
10.525447433203073,-10.359663176979351,1999.9999999999534
10.5382187498259,-10.335675199897263,1999.9999999999534
10.550110019458014,-10.31286584799734,1999.9999999999534
10.56078059682819,-10.292156495301489,1999.9999999999534
10.568956128095724,-10.270915857339842,1999.9999999999534
10.577743383885059,-10.247739038031796,1999.5112414466787
10.586489656187926,-10.223414514315746,1998.708280966299
10.593616141324958,-10.200592996629743,1997.7536367969717
10.601534752708679,-10.17716075728749,1996.7977887888435
10.609593766850113,-10.153383181951876,1995.9791784040483
10.618010767085895,-10.128698421461323,1995.4242087167092
10.626624863702672,-10.105968252510317,1995.2472444129378
10.636631699030758,-10.08272531728736,1995.5506117908324
10.64835848570454,-10.058622439587722,1996.424598760481
10.662205858286578,-10.033056443841598,1997.94745484396
10.676295928459846,-10.007001062609564,2000.1853911753335
10.690188477010661,-9.98122565562968,2003.1925805006538
10.704618894194816,-9.954923724168134,2007.0111571779623
10.71865146626314,-9.92961651950457,2011.671217177288
10.733386842450766,-9.90482907881248,2017.1908180806486
10.749688483078963,-9.880758929962068,2023.57597908205
10.765611800339892,-9.857016166085062,2030.8206809874855
10.781414678900287,-9.83320024412415,2038.9068662149389
10.79732814431014,-9.808708261153246,2047.8044387943798
10.813346512878475,-9.782801830897021,2057.471264367768
10.828462235563991,-9.757600484635654,2067.853170189051
10.842867442948672,-9.733988076238603,2078.883945124164
10.858085846580384,-9.711224374260915,2090.4853396510307
10.873500258291749,-9.688763992891921,2102.567065859564
10.890757780088991,-9.666914052289105,2115.026797451665
10.905996690429138,-9.647816895739684,2127.750169741221
10.92091291406951,-9.628473318631341,2140.6107796541114
10.934577781320955,-9.611260426725872,2153.4701857282
10.948303706181909,-9.592817910407826,2166.1779081133413
10.962730546412,-9.57338030058647,2178.5714285713775
10.978564312096687,-9.554208422736165,2190.4761904761394
10.993897148187106,-9.535281339908167,2202.3809523809014
11.009038916531283,-9.515450170705101,2214.2857142856624
11.025167079426925,-9.494467380355365,2226.1904761904243
11.038908996695977,-9.473950178532496,2238.095238095186
11.054389175577143,-9.452556125076306,2249.9999999999472
11.06933786823597,-9.432989891553197,2261.9047619047096
11.084237874744904,-9.411679360581804,2273.8095238094706
11.099596178086735,-9.388737353412534,2285.714285714232
11.115334414400962,-9.365074766427899,2297.619047618994
11.130202429725466,-9.341067284910595,2309.523809523756
11.143792305469582,-9.31696190837938,2321.428571428517
11.157175935907059,-9.293501278787698,2333.8220918865536
11.170437993656687,-9.27019427491908,2346.529814271695
11.185787585978323,-9.244816521927593,2359.3892203457835
11.201868868994119,-9.218472532841652,2372.249830258674
11.216423089363088,-9.192787569602462,2384.9732025482303
11.23085901700375,-9.166129816301687,2397.4329341403313
11.244304055560088,-9.140493882599847,2409.5146603488643
11.256631069172476,-9.115388072448836,2421.116054875731
11.26867012292234,-9.091085105228345,2432.146829810844
11.28158468466486,-9.067393569306729,2442.528735632127
11.294754242399572,-9.044303502923627,2452.1955612055153
11.306830230119278,-9.022070264941698,2461.093133784956
11.318556399977444,-9.001188844441904,2469.1793190124095
11.327801982485195,-8.982073186189401,2476.424020917845
11.337231899952638,-8.963077740319472,2482.8091819192464
11.34758383105598,-8.946290259477744,2488.3287828226066
11.35816642465479,-8.92836761921885,2492.9888428219324
11.368181111990905,-8.912908324399863,2496.8074194992405
11.379043574007655,-8.897326230775803,2499.814608824561
11.388703730828393,-8.88226408155983,2502.0525451559347
11.39781182822589,-8.866423759943608,2503.5754012394136
11.407677855061253,-8.849198250573052,2504.4493882090624
11.41709938793225,-8.831307375160536,2504.752755586957
11.430079931555623,-8.811082826878264,2504.575791283185
11.44350251987788,-8.788007590695226,2504.020821595846
11.456344513112562,-8.76427014014233,2503.2022112110512
11.468266043499238,-8.740154508321254,2503.223880309472
11.481460148464699,-8.715592128940298,2503.8751571009047
11.49647143228684,-8.690071140690405,2504.981484959179
11.511614021415847,-8.664206277693467,2506.404422422161
11.528368374730016,-8.638750252228391,2508.041643191751
11.544375043147957,-8.612918223089476,2509.151582566429
11.561848851714062,-8.585416340440513,2509.5055111739725
11.57815126666054,-8.558997542908996,2508.8987764181834
11.593603513766116,-8.533512338091823,2507.150802478886
11.610951531037562,-8.507666504848064,2504.105090311928
11.626919454824888,-8.482736229467935,2499.629217649181
11.642140114142984,-8.458496868027572,2493.61483899854
11.658266645537314,-8.435026727244178,2485.977685643923
11.672177239563949,-8.412608026751544,2476.657565645272
11.684980984542172,-8.391617870822778,2465.618363838551
11.697109378829353,-8.371836420248309,2452.8480418357485
11.709264699710856,-8.353783678506472,2438.358638024877
11.719391500147811,-8.336940922356682,2422.1862675699704
11.730390290898168,-8.319950897205757,2404.3911224110884
11.740806643823753,-8.304604307852461,2385.057471264312
11.747979228376874,-8.28826590505544,2364.293659621747
11.753808225415685,-8.27400575315424,2341.2545926449716
11.760567505358605,-8.259278156374602,2316.445882630478
11.766165766986703,-8.244932194553904,2290.373141874757
11.772964157466744,-8.229601709235116,2263.541982674299
11.780394341400795,-8.214077553510517,2236.4580173255954
11.789332774262908,-8.197641650718516,2209.626858125138
11.797875988260039,-8.179317928343805,2183.554117369417
11.804256872184716,-8.160340741003766,2158.7454073549234
11.80984527325556,-8.142954746936468,2135.706340378148
11.817695107800139,-8.124620501040608,2114.942528735583
11.827825836533362,-8.105826420918179,2095.6088775888065
11.839595502317044,-8.086555430085774,2077.8137324299246
11.850076854490258,-8.068058631361271,2061.6413619750183
11.86260420457128,-8.049373533532162,2047.1519581641462
11.87589093240705,-8.029932767153849,2034.3816361613442
11.890741102871559,-8.010102195734422,2023.3424343546228
11.905534541579069,-7.991155615641324,2014.0223143559715
11.921964486693774,-7.972257275138631,2006.3851610013546
11.940387939235563,-7.953143895934804,2000.3707823507136
11.956647639436989,-7.934652087405478,1995.8949096879667
11.97306739523543,-7.916496031545554,1992.8491975210088
11.988443026427799,-7.898333175064728,1991.1012235817109
12.003669929231082,-7.8790425255797985,1990.4944888259217
12.01874786090775,-7.861239735694804,1990.8484174334656
12.032677240141622,-7.842743256527614,1991.9583568081432
12.044302786342621,-7.823075920243868,1993.5955775777336
12.054053422225948,-7.802824152709185,1995.50727359399
12.062248994899425,-7.783860264841239,1997.4165619326443
12.069149634732389,-7.765725633313558,1999.022482893404
12.074903680708708,-7.747588942558687,1999.9999999999534
12.082610116482087,-7.72999252402283,1999.9999999999534
12.092350882069107,-7.71107603036243,1999.9999999999534
12.100513369368647,-7.691037109737904,1999.9999999999534
12.111126940060252,-7.669748306176431,1999.9999999999534
12.121991861688702,-7.646193746867532,1999.9999999999534
12.134128721177348,-7.620683444288997,1999.9999999999534
12.146072101902815,-7.593994143596179,1999.9999999999534
12.159697362764714,-7.5676594713601855,1999.9999999999534
12.174655189040177,-7.540317172082643,1999.9999999999534
12.190030478246385,-7.513663112193697,1999.9999999999534
12.204525066301072,-7.487101651618652,1999.9999999999534
12.219965846490942,-7.462085489564161,1999.9999999999534
12.2342792429573,-7.438410863536818,1999.9999999999534
12.249120296995926,-7.415136796375837,1999.9999999999534
12.263429464042364,-7.394292661055717,1999.9999999999534
12.276442601433308,-7.374146717399226,1999.9999999999534
12.28821015593322,-7.354677885655138,1999.9999999999534
12.298847658036598,-7.335309992891984,1999.9999999999534
12.308420258993142,-7.317221031055339,1999.9999999999534
12.315321950620536,-7.300339191893812,1999.9999999999534
12.32013737665842,-7.284676495176951,1999.9999999999534
12.323415399340227,-7.268779550875344,1999.9999999999534
12.325399490719827,-7.252532836061144,1999.9999999999534
12.32463228381853,-7.237842834583401,1999.9999999999534
12.322669363963062,-7.222574283200666,1999.9999999999534
12.318292650094687,-7.208131443956503,1999.9999999999534
12.314590142089184,-7.1951842505912165,1999.9999999999534
12.310012974996333,-7.183977125091271,1999.9999999999534
12.306680785005332,-7.171884581687808,1999.9999999999534
12.303212163801007,-7.159722283914091,1999.9999999999534
12.299525056363992,-7.146069523202921,1999.9999999999534
12.297580173003425,-7.130412573050485,1999.9999999999534
12.295516579758447,-7.112029395888212,1999.9999999999534
12.295262397406939,-7.091636538734388,1999.9999999999534
12.293172157298839,-7.0686393898793565,1999.9999999999534
12.290997237259218,-7.045413621194259,1999.9999999999534
12.288301827841078,-7.020374765103316,1999.9999999999534
12.284416788960563,-6.994342414805975,1999.9999999999534
12.278835285196374,-6.967189334257933,1999.9999999999534
12.273172254429676,-6.9410352044904435,1999.9999999999534
12.266380835143986,-6.914652735662223,1999.9999999999534
12.261453587348214,-6.889451709440561,1999.9999999999534
12.256633464343473,-6.8651873640395635,1999.9999999999534
12.250440225362082,-6.840586202359282,1999.9999999999534
12.24271409736571,-6.814175326345468,1999.9999999999534
12.233420470786864,-6.786435604490368,1999.9999999999534
12.223384563647057,-6.759970372972003,1996.4809384163757
12.212285952411655,-6.734008189214311,1990.699622957641
12.200641185596078,-6.709361907011994,1983.8261849384855
12.185974282753556,-6.685430537235255,1976.9440792799621
12.167750920361785,-6.661689321841934,1971.0500845094377
12.149967688251607,-6.637087605512375,1967.054302760597
12.12922509233989,-6.615700746122807,1965.78015977344
12.106389735493682,-6.59557889681564,1967.9644048942812
12.08223591692423,-6.576247241201934,1974.2571110757524
12.057461597449395,-6.557772397695798,1985.2216748768008
12.033332058645634,-6.540592569443406,2001.3348164626898
12.007519289233095,-6.524098030772305,2022.9865796049974
11.979135907545382,-6.506759474870072,2050.4803316816183
11.950912020944147,-6.488282686738518,2084.032763676764
11.922777034071341,-6.469821088129903,2123.77389018096
11.894537884011305,-6.449397274969419,2169.7470493910473
11.863824539699824,-6.429023896674778,2221.908903110186
11.83447005252035,-6.408766653458176,2280.129436747848
11.804676218215025,-6.388974460710182,2344.191959319825
11.776873570461111,-6.369032185219558,2413.793103448219
11.750147414033552,-6.349950737745378,2488.5428253614546
11.725646371451678,-6.332136061793884,2567.9644048942673
11.702226583580341,-6.315271693742307,2651.494445487709
11.68061389418087,-6.299574891209195,2738.4828741891506
11.659491545133143,-6.285176083848054,2828.192941652275
11.641985090596469,-6.272222708302717,2919.8012221370827
11.62388950005694,-6.259684012603608,3012.39761350989
11.605146348310711,-6.245078994378239,3104.9853372433295
11.587038612012272,-6.231292094133351,3196.4809384163473
11.570337542457118,-6.22059833067355,3285.714285714209
11.554681969952764,-6.211601085054045,3371.428571428493
11.537147962826097,-6.202733854085496,3457.142857142776
11.519174383616487,-6.195614303662215,3542.8571428570604
11.499543168694384,-6.188465593397603,3628.5714285713443
11.479965606817691,-6.182156475027675,3714.2857142856274
11.462547967518374,-6.176201386512149,3799.6700879764508
11.442218630693835,-6.170087779399858,3884.8423753664783
11.422298638534041,-6.1613425804077195,3969.9122762664656
11.405028247142782,-6.153353458923664,4054.9813645752624
11.386638889465155,-6.145394620383877,4140.14308827981
11.366720077078728,-6.136944048135196,4225.48276945514
11.343770401088396,-6.126411771048634,4311.077604264377
11.32199421024644,-6.114744783982588,4396.996662958741
11.301959743293796,-6.10149691163842,4483.300889877537
11.279948499063615,-6.0879312208402725,4570.043103448169
11.259020393871578,-6.072442438585477,4657.2679961861295
11.239033176623378,-6.058386956691572,4745.0121346950045
11.21898388217294,-6.043991754172615,4833.303959666472
11.199735694842861,-6.029992891896877,4922.163785880301
11.180919879344568,-6.01532475588815,5011.603802204352
11.163271101752416,-6.001482658309746,5101.628071594581
11.14674660806322,-5.987390590708381,5192.2325310950355
11.129133438457844,-5.972998735061976,5283.404991837849
11.11008482949128,-5.95999662919703,5375.125139043255
11.09088152089397,-5.947507560811816,5467.364532019577
11.075162131938958,-5.934479360649202,5560.086604163226
11.05817788739558,-5.921112961549286,5653.246662958711
11.040262595376465,-5.907366283614003,5746.791889978631
11.021543526781953,-5.896543547487576,5840.661340883674
11.003226217090713,-5.885436124626268,5934.785945422625
10.983918191967247,-5.87418798349274,6029.08850743236
10.963870946536513,-5.861678181734722,6123.483704837844
10.944110023073492,-5.850361653241711,6217.878089652138
10.923677249478908,-5.838300414868063,6312.170087976392
10.903728014870612,-5.826730026407519,6406.24999999985
10.882168682580625,-5.8125903344915075,6499.999999999848
10.861407035368005,-5.79784533007485,6593.749999999845
10.84166527825339,-5.783953511171729,6689.524275007989
10.821833256678662,-5.770965897638011,6786.599869664227
10.797938867167908,-5.757732248038553,6884.303687598855
10.773897618023208,-5.743556031881312,6982.012491432517
10.7508316248744,-5.72803696194926,7079.152902776209
10.727843957568492,-5.712067584833599,7175.201402231269
10.703046933775099,-5.69432512953896,7269.684329389387
10.678181677099062,-5.677054295057747,7362.177882832606
10.657091240046663,-5.662409064148213,7452.308120133307
10.635654805514333,-5.649163599563429,7539.75095785423
10.61371422156606,-5.636279378456445,7624.232171548458
10.594954917963301,-5.623944799470759,7705.527395759419
10.576399606598587,-5.611584030666147,7783.462124020896
10.56001046603606,-5.598857295750171,7857.91170885702
10.54322953365161,-5.586442261388224,7928.801361782266
10.525937557485006,-5.574006441173044,7996.106153301461
10.507709489296989,-5.56264534724386,8059.8510129097795
10.492694435261056,-5.551699601542088,8120.110729092743
10.478719681977843,-5.5409622150750995,8177.0099493262205
10.462488249746208,-5.53156423711857,8230.723180076437
10.4459983569697,-5.5234810843404185,8281.474786799954
10.430170326763282,-5.51517865618968,8329.538993943694
10.41362102903885,-5.50651396157174,8375.239884944916
10.395305729434165,-5.497865344392639,8418.951402231238
10.377846888362866,-5.4889846103719275,8461.09734722062
10.36093846358522,-5.480699632656137,8502.151380321371
10.346006026576607,-5.472267330659287,8542.63702093215
10.333301174976862,-5.464391092712322,8583.127647441963
10.322899017246208,-5.456664194857633,8624.246497230168
10.311584142144888,-5.449935236659837,8666.666666666464
10.297506066277686,-5.443263129291248,8711.111111110908
10.28137170976473,-5.435655876102011,8755.555555555351
10.262450914330678,-5.426190237341455,8799.999999999794
10.241580796167343,-5.413179885322135,8844.44444444424
10.219314112099157,-5.398874344418364,8888.888888888681
10.194954860961461,-5.384243840305711,8933.333333333123
10.171816643186407,-5.3689485705701046,8977.777777777568
10.151674192508022,-5.356544347833638,9022.222222222012
10.134197439796711,-5.345822361392819,9066.666666666455
10.116118397907206,-5.333990268273956,9111.111111110898
10.095848051342484,-5.321208283787833,9155.555555555342
10.075107794948135,-5.3074698043402595,9199.999999999785
10.052957216809457,-5.29313506255299,9244.444444444229
10.029909214259765,-5.277490463397449,9288.88888888867
10.00585774709953,-5.261589105190443,9333.333333333116
9.982136071966726,-5.245601729457896,9378.278098361126
9.95904393880232,-5.230917029952686,9423.54449805
9.93762644257408,-5.217471846987387,9468.966169644122
9.914416535664332,-5.203440996586787,9514.38907355495
9.890531666948817,-5.189463652069465,9559.671493361031
9.86592420614155,-5.1751199467614075,9604.684035807999
9.841741242404867,-5.159810941774854,9649.309630808562
9.817505532135844,-5.1459155416797335,9693.443531442515
9.79446145226807,-5.132643268082772,9736.993313956737
9.773366096043402,-5.121317443752656,9779.87887776519
9.754699573025599,-5.110535521459819,9822.032445448915
9.737471601612373,-5.100006426920092,9863.398562756043
9.722376755938223,-5.090610723799831,9903.93409860178
9.708677772272635,-5.0818638243258,9943.608245068417
9.692390962549386,-5.073059018448223,9982.402517405333
9.676034028904402,-5.064257081369955,10020.31075402899
9.657520444173814,-5.053611086356841,10057.339116522922
9.63728081840071,-5.041282414593147,10093.506089637756
9.61623768970797,-5.026925679920279,10128.842481291202
9.597433743001769,-5.014242284334365,10163.391422568047
9.579801019422153,-5.002111245956949,10197.208367720166
9.562719148852944,-4.989338202792844,10230.361094166516
9.546148114894073,-4.977061524054422,10262.929702493137
9.527460368368331,-4.9626016930732355,10295.006616453145
9.506239742811543,-4.946154355995115,10326.69658296675
9.482356893341851,-4.929587749345897,10358.116672121238
9.456891066616128,-4.912882054002748,10389.396277170981
9.431767135809153,-4.895922140567514,10420.677114537433
9.408149655532686,-4.878115251552021,10452.113223809129
9.384420501158827,-4.859603208154927,10483.87096774169
9.36033814485878,-4.841409993864234,10516.129032257819
9.338684780600795,-4.824665373389969,10552.126517052511
9.317440652998792,-4.808838419567532,10590.527914883423
9.294933112907596,-4.792479666247429,10630.08982245596
9.274166047715362,-4.7766193168980084,10669.660940423271
9.251652885986104,-4.7600308618857525,10708.182073386257
9.228798271718,-4.742526284591341,10744.686129893564
9.204207135811382,-4.7252967174647305,10778.298122441583
9.179714132057487,-4.708777330048033,10808.235167474468
9.155755115070633,-4.692419588178742,10833.806485384097
9.132838892137276,-4.675233133181728,10854.413400510117
9.111848137382655,-4.659028001162717,10869.549341139911
9.094389424548995,-4.643872696994511,10878.799839508616
9.078237326400535,-4.63098059638586,10881.842531799113
9.061570883714557,-4.6185379869592476,10878.447158142033
9.04367762462637,-4.605116993366012,10868.475562615751
9.02442558560194,-4.590716226893309,10851.881693246398
9.004604067982152,-4.575894323104748,10828.711602007845
8.985122153958498,-4.560785175059211,10799.103444821712
8.96569689228438,-4.546856385850582,10763.287481557372
8.945363738182099,-4.532677186791284,10721.586076031941
8.92578779450227,-4.518051952915143,10674.413696010288
8.906162938931173,-4.503986934922661,10622.276913205022
8.887115106480334,-4.490206462429189,10565.774403276504
8.867904343699472,-4.478376749733672,10505.596945832847
8.848160128093438,-4.467684342391887,10442.527424429905
8.82945975281514,-4.45648783315977,10377.440826571286
8.812041502688238,-4.446107426903355,10311.30424370834
8.795235732844086,-4.4355367252073945,10245.176871240168
8.779479971069648,-4.426304051572443,10180.21000851362
8.76648701064157,-4.420762621703502,10117.647058823293
8.75459160781573,-4.415681343796541,10058.823529411531
8.740977479158333,-4.410328364325307,9999.999999999765
8.726255466698479,-4.403453949048516,9941.176470588003
8.713467938398438,-4.3940166551949265,9882.352941176241
8.698841367033227,-4.380676941210834,9821.76604757227
8.683860364008723,-4.366033120487986,9760.045562701882
8.667545066212147,-4.350398653114808,9697.77782687529
8.652169573903473,-4.333038146281825,9635.505747787143
8.635317211371943,-4.3142848345426685,9573.728800516512
8.617296064049587,-4.293701188463768,9512.903027526896
8.598858157544845,-4.272236125660768,9453.441038666231
8.582252385163121,-4.249431926740091,9395.712011166874
8.56604337342971,-4.228088894708858,9340.041689645606
8.54847137105413,-4.205828139792434,9286.71238610365
8.527897527618252,-4.1826417424247095,9235.962979926646
8.505229039451379,-4.159138119053525,9187.988917884664
8.482156197659542,-4.135807443329842,9142.942214132212
8.460052231612984,-4.112875202393807,9100.93145020821
8.437025610799433,-4.090539957348442,9062.021775036024
8.413411140870387,-4.069642219815537,9026.234904923434
8.390445006960995,-4.050442878014309,8993.549123562654
8.365008376355176,-4.031674842452185,8963.899282030328
8.337799088613334,-4.013931367355315,8937.176798787532
8.308884835565237,-3.9965512690340184,8913.229659679757
8.280976733210693,-3.980218670355851,8891.862417936933
8.25218328596797,-3.9656594542822563,8872.83619417342
8.224224807423878,-3.953086478726282,8855.868676388001
8.198745627886868,-3.9419003784091684,8840.634119963886
8.17478060582256,-3.9335541321554217,8826.763347668722
8.151284559651252,-3.927209128534872,8813.843749654574
8.12784742555278,-3.919517343877821,8801.419283457944
8.106882506464519,-3.9123295154329263,8788.990473999756
8.089143430637108,-3.9046798165491325,8776.014413585364
8.074126517493214,-3.8973415301667265,8761.904761904558
8.057822282627711,-3.8907782418597106,8746.031746031542
8.041651783677771,-3.883530283450605,8730.158730158526
8.02567832425258,-3.875107050930473,8714.28571428551
8.012076944082574,-3.864814705720879,8698.412698412494
7.997478682025537,-3.8542729061721364,8682.539682539478
7.982872559858986,-3.8437281925694826,8666.666666666462
7.968927584104566,-3.83349736034098,8650.793650793448
7.958383163566652,-3.8243786239894932,8634.920634920432
7.946482995904388,-3.8143539183500255,8619.047619047416
7.932251617810586,-3.8023616905300957,8603.174603174402
7.916096965685908,-3.78741364011534,8587.301587301386
7.897846855175579,-3.7697232554034117,8571.42857142837
7.878758638070572,-3.750786058765834,8555.555555555355
7.858784641610159,-3.7299975975180635,8539.68253968234
7.835183151118746,-3.7077583069454585,8523.809523809323
7.8104613161434395,-3.6842185380342505,8507.936507936309
7.782450403290888,-3.6588821871236776,8492.063492063293
7.7511865636407125,-3.6306249360505247,8476.190476190279
7.71951690665336,-3.601627864147076,8460.317460317261
7.685966070656779,-3.5724169390231175,8444.444444444247
7.652937745631091,-3.5436088298567996,8428.571428571231
7.6198735251139675,-3.5157740765616956,8412.698412698217
7.5891865935749,-3.489562897574058,8396.825396825201
7.558234761304376,-3.4654948966866126,8380.952380952187
7.527131852002324,-3.4421014506634715,8365.079365079171
7.497729347158696,-3.419771257685632,8349.206349206155
7.470511836564893,-3.3987293717170375,8333.33333333314
7.445123724047623,-3.3799363851911974,8317.460317460125
7.418778179858987,-3.361718905487153,8301.587301587108
7.392196440043852,-3.3443213035830466,8285.714285714093
7.367160521825099,-3.3280676488611656,8269.841269841078
7.342678364394757,-3.311996368574389,8253.968253968062
7.319653297314211,-3.2982602634802385,8238.095238095046
7.299886456031086,-3.286386578757596,8222.623254881128
7.280184607880753,-3.2767942598949085,8207.40907837663
7.26179486864264,-3.2694276413239534,8192.319360283574
7.244680100200676,-3.261901378982656,8177.2306299556885
7.229880901961122,-3.2543760667890473,8162.029294398403
7.216574355064422,-3.246483600542486,8146.611638268847
7.203392532153933,-3.2371333457719276,8130.883823875849
7.190695524000924,-3.2272815736264415,8114.761891179944
7.177573215994036,-3.217713054078234,8098.1717577933705
7.166551187836283,-3.2086604755277395,8081.049218980065
7.156697608640034,-3.1996491047531146,8063.339947655666
7.144907702467476,-3.190613033944965,8044.999494387515
7.132888662550397,-3.1806366216260216,8025.993287394656
7.120872255057629,-3.16978106263411,8006.2966325478355
7.110796834933939,-3.158492896290405,7985.894713369498
7.100086094746646,-3.1483128807598475,7964.782591033796
7.086891306606655,-3.1390820976426728,7942.965204366576
7.076282885832291,-3.130686037457339,7920.457369845393
7.06533804103201,-3.1232689978997303,7897.2837815995035
7.0541480150854605,-3.1163123343406767,7873.479011409861
7.044142726865728,-3.1091470934576426,7849.087508709127
7.033083890808047,-3.1006428199761435,7824.16360058166
7.020852127842656,-3.092135933813202,7798.771491763523
7.005805514328708,-3.0829548971949583,7772.985264642481
6.9881645855261,-3.072979437845935,7746.888879257998
6.968561091737605,-3.0618717763898484,7720.576173301242
6.948181828702627,-3.050019380180884,7694.150862115087
6.926147523645575,-3.03814596461104,7667.726538694102
6.902690098104138,-3.025398521274638,7641.42667368456
6.880928916897703,-3.010472190219091,7615.384615384437
6.857949298640194,-2.9943903139035637,7589.7435897434125
6.833342095667965,-2.9776838822951186,7564.102564102387
6.807174980221139,-2.9606346838786184,7538.461538461363
6.781927783718229,-2.9430762193653526,7512.820512820337
6.7556739033167865,-2.9250107501036147,7487.179487179313
6.729824627191798,-2.9067814828145426,7461.538461538286
6.702802751787162,-2.88755828350957,7435.897435897263
6.675369514268257,-2.869180073402393,7410.256410256237
6.647787316266806,-2.8514535645644328,7384.615384615212
6.620544098074931,-2.8337133563711863,7358.476455250477
6.59189364583056,-2.815692084125272,7332.0174449205
6.562571622232005,-2.797941459516176,7305.403912745232
6.534894645809048,-2.7801452958841986,7278.789154206113
6.507794347985737,-2.7628755128798352,7252.314201146067
6.480207862990803,-2.746470752576788,7226.1078217694985
6.4520222062083485,-2.731831658434898,7200.286520642303
6.4261453245877815,-2.718651306963407,7174.954538691856
6.402757463855371,-2.7065943572848714,7150.203853207023
6.379900648921463,-2.6954572681730014,7126.114177838149
6.358891656070325,-2.68587868441117,7102.752962597068
6.339239500940186,-2.67690085241264,7080.175393857097
6.318440512088346,-2.6682918599878396,7058.424394353039
6.2990842854843105,-2.6600794380783688,7037.530623181183
6.279960145028113,-2.651289489110789,7017.512475799298
6.2639349342709085,-2.6435553540715686,6998.376084026643
6.2492002259840564,-2.634909759223363,6980.115316043963
6.232037258395018,-2.6245205602758697,6962.711776393483
6.217459379161,-2.616098024042661,6946.134805978915
6.203073042296171,-2.607972916616786,6930.341482065457
6.185722870123499,-2.598355469069409,6915.276618279792
6.167156869671692,-2.58903747538901,6900.872764610088
6.148306075270513,-2.5804846291996864,6887.050207405999
6.1273475830775945,-2.570910108305453,6873.716969378656
6.105381916266762,-2.561109353053546,6860.768809600686
6.081582175365737,-2.5498334788799446,6848.089223506195
6.056422752381569,-2.538148491710311,6835.549442890773
6.033046870854282,-2.5271148021279273,6823.008435911503
6.009005516785209,-2.51542262498917,6810.312907086941
5.984805518444931,-2.50498932750227,6797.297297297138
5.959951346585238,-2.4938981080759186,6783.783783783625
5.935402734944214,-2.4826671262207567,6770.270270270112
5.911946274802362,-2.47219567400038,6756.756756756598
5.889239611401481,-2.462057694850361,6743.243243243085
5.867563035422057,-2.452272314234339,6729.729729729574
5.846569515838537,-2.4440328078234845,6716.21621621606
5.827272205874723,-2.4366890223148974,6702.702702702547
5.808940266713566,-2.4289428124600985,6689.204600494767
5.790764839835832,-2.4211840322688576,6675.71640555496
5.773862996417159,-2.413605088711954,6662.232993434173
5.756643831881161,-2.405385704613086,6648.749619272267
5.740585482090175,-2.397033061022833,6635.261917797914
5.724243678596523,-2.3881654229341907,6621.765903328596
5.708580763068463,-2.379334152234164,6608.257969770608
5.692202180155661,-2.371081491438554,6594.734890619053
5.677450448113325,-2.363418624059953,6581.193818957849
5.660595499114251,-2.35378459106262,6567.632287459721
5.641712494528492,-2.3443213872836357,6554.048208386209
5.6246848346070655,-2.3358137851406795,6540.439873587664
5.605193422469946,-2.325115133310622,6526.805954503244
5.583664871950311,-2.3126333335393903,6513.145502160924
5.56351591205121,-2.30120724264286,6499.457947177483
5.544406189975418,-2.290265257736664,6485.743099758521
5.524555595962061,-2.2784631566448836,6472.001149698441
5.504614062446982,-2.267162840366656,6458.232666380458
5.487053828906617,-2.256176719333609,6444.438598776603
5.469611533813063,-2.2459310595546635,6430.620275447712
5.454690439900615,-2.2371883325063235,6416.779404543437
5.436698376298718,-2.227924831223942,6402.9180738022405
5.418015723724011,-2.21889456347276,6389.038750551393
5.398950160194216,-2.2094072882820894,6375.14428170698
5.37898256750572,-2.2005503933999258,6361.237893773896
5.358758411486577,-2.191853193340815,6347.323192845849
5.337411000361812,-2.1830666285037967,6333.404164605352
5.3171314432255805,-2.17465751398642,6319.485174323736
5.298276610596798,-2.1654508970315454,6305.570966861142
5.280125403962251,-2.1551090923113323,6291.66666666652
5.261274281226119,-2.1439549533625133,6277.777777777631
5.243537915493959,-2.1340614771044444,6263.888888888742
5.2275306269422925,-2.1248785195487074,6249.999999999853
5.210960510398808,-2.1169777398449714,6236.111111110966
5.194342899323019,-2.1101080150954203,6222.222222222077
5.1761374782914,-2.103520767667764,6208.333333333188
5.159026933225137,-2.097625909109385,6195.516454871149
5.141963608455003,-2.0911826340184243,6183.3887259692265
5.124581875183667,-2.0829183233988005,6171.593689958395
5.106535572174497,-2.073855239889946,6159.801294367334
5.088378823150919,-2.0653773682021397,6147.707890922429
5.073846255018066,-2.0569679517482546,6135.036235547773
5.059052298668374,-2.0480287003806,6121.535488365156
5.043073483943344,-2.0393681962936654,6106.981213694085
5.030547630198253,-2.0325150555323535,6091.175380051768
5.019451117191472,-2.0256225942775106,6073.946360153114
5.0080157622288715,-2.018670151212567,6055.1489309107465
4.996457037983375,-2.0124260750612253,6034.664273434988
4.9840948514901635,-2.0060092644478758,6012.399973033869
4.969373038915802,-1.9975159111553695,5988.290019213127
4.951694731507147,-1.9865845076185271,5962.294805676201
4.932682470176534,-1.9733602364278549,5934.4011303242405
4.911456822574383,-1.9592748844659653,5904.6221952560945
4.887247280759087,-1.9432291006639852,5872.997606768326
4.860904092799194,-1.9254065023782954,5839.593375355196
4.8334792226235805,-1.9059226132893996,5804.501915708676
4.805968703116346,-1.886204132476225,5767.842046718442
4.780601403478419,-1.8675098862096822,5729.758991471872
4.755111505641128,-1.8480284758999752,5690.424377254055
4.7315186621033325,-1.8300859396735638,5650.036235547784
4.710142651128483,-1.8136163170183772,5608.819002033553
4.690474245749974,-1.798884175982272,5568.212716710918
4.6705029039542,-1.7848396029327944,5528.069909326733
4.6510113246248785,-1.7723975868768163,5488.298804468942
4.63220730630656,-1.7600896522164498,5448.863321566581
4.613840107270293,-1.7491438066662766,5409.783074889772
4.596055747363714,-1.7391105330492214,5371.133373549726
4.577960376916334,-1.7290035568123567,5331.563946007456
4.560599490929686,-1.7193177909619681,5290.8258217942075
4.545505498969399,-1.7115249110803927,5248.699321084608
4.530023767760935,-1.7028108820393466,5204.994054696668
4.514430434480704,-1.6936433364822885,5159.548924091782
4.496561841791346,-1.6847415681169182,5112.232121374727
4.478857564570714,-1.676429563441747,5062.941129293663
4.463652352164905,-1.6698710813640356,5011.602721240133
4.4493703140866625,-1.6633842246225847,4958.17296124906
4.434255075104514,-1.6564961414096417,4902.6372039987555
4.41724881915817,-1.648140734634857,4845.010094810909
4.3979067803970375,-1.637628030707471,4785.335569650597
4.381413882114412,-1.6268150899514229,4723.686855126275
4.364883117021887,-1.6166952115394453,4660.166468489784
4.3465761188542835,-1.6058893690964904,4594.906217636348
4.324553685463851,-1.594050789859843,4528.06720110457
4.300618177462383,-1.5807326175797234,4459.839808076442
4.275132137174501,-1.5669306479131901,4390.443718377335
4.249044303232753,-1.5532007842953304,4320.127902476004
4.22265606779862,-1.5386729414951663,4249.170621484588
4.198243949556634,-1.5250257126247966,4177.879427158605
4.176411568678975,-1.5116106994426557,4106.591161896961
4.15351081326473,-1.4981275181393685,4035.671958741942
4.130245425558401,-1.4835756771394406,3963.2895730846776
4.108160659944382,-1.4681150909599787,3890.664315073698
4.086823735852309,-1.4536734156919338,3817.3477117299317
4.068633526095305,-1.4407371814993541,3744.025621518443
4.048711424764912,-1.4276707264859327,3671.3290342270975
4.029336628365154,-1.4153654563841493,3599.8340709665504
4.011850800196161,-1.4035045923574296,3530.0619841702533
3.995832864878743,-1.3917909817359877,3462.4791575944514
3.980563542821778,-1.3803478498586825,3397.4971063181865
3.96411847781716,-1.3699864008858862,3335.472476743295
3.945846909446379,-1.3582057894473736,3276.7070465944043
3.9279090100612963,-1.3470649336907234,3221.447724918939
3.911971963618565,-1.3361173662381414,3169.88655208712
3.8979801611207963,-1.32538349723133,3122.1606997919594
3.885721989834456,-1.3153516946139783,3078.3524710492657
3.8739231187233543,-1.3051146953281083,3038.4893001976407
3.8609858460441324,-1.2950468377078574,3002.543752898483
3.8483672828898188,-1.2845458474106737,2970.433526135984
3.837495240623829,-1.275572612776818,2942.02144821713
3.826292377872218,-1.2681765377473821,2917.1154787717023
3.810784423138612,-1.2600094230170351,2895.468708752276
3.792460886731589,-1.2499467689925963,2876.7793604342223
3.775725999097688,-1.2407130233670771,2860.690787415704
3.758418514475118,-1.23127633227642,2846.7914746176834
3.740090837847199,-1.221720299380238,2834.6150382839123
3.7212550125247845,-1.210998252789151,2823.6402259809397
3.7024377181316646,-1.198730096827982,2813.290916598109
3.6851306956844283,-1.1878407959890647,2802.936120347558
3.669229184634073,-1.1766551021964644,2791.889978764218
3.6500722413922646,-1.1643374676861071,2779.4117647058174
3.631727043695149,-1.1505599146498224,2764.705882352877
3.611889269334185,-1.1368054324223833,2749.999999999936
3.590871057315105,-1.1237397213469889,2735.294117646995
3.570098530193294,-1.111168109462856,2720.5882352940544
3.5483350332743866,-1.0980948026619584,2705.986449590391
3.530170971154197,-1.0856406905058877,2691.451583161263
3.5125080447431225,-1.0741139095303402,2676.9490225888076
3.4947190760104245,-1.0620996125733906,2662.446718412041
3.4742797260325435,-1.0501867510255802,2647.9151851268552
3.4513222464676954,-1.0378108830189277,2633.3275011860246
3.429008412322418,-1.0258082227160001,2618.659308999202
3.4074076219669207,-1.0128879526818861,2603.888814932917
3.386778751320358,-0.9997463003193787,2588.9967893105777
3.365829469381727,-0.9873234117879849,2573.966566412474
3.3437858939947,-0.9753929146247864,2558.784044475772
3.3219111535766848,-0.9636494251747965,2543.4376856945173
3.2989332176544597,-0.9511131172800232,2527.918516219635
3.2731938496724178,-0.9378584717527481,2512.2201261589266
3.247864235366036,-0.9256129578739061,2496.338669577076
3.221909187126928,-0.9136507891314428,2480.2728644956414
3.196324820632219,-0.9002464852101378,2464.023992893064
3.171631713304072,-0.8859983754906589,2447.5959007046617
3.148950930124304,-0.8722955487807006,2430.994997822631
3.1250252377829764,-0.8573848569696003,2414.2302580960477
3.1019910060458726,-0.8411049090214735,2397.313219330866
3.0787051428338494,-0.8229470494034814,2380.257983289919
3.0541064764669104,-0.8049577674900535,2363.0812156929196
3.0292626014385666,-0.787056227110675,2345.802146216458
3.004385801739794,-0.7688674961647218,2328.442568494003
2.9773694458883,-0.7494070185979776,2311.026840115903
2.948414253216311,-0.7282789305610775,2293.581882629385
2.9195975029064014,-0.7076908067148219,2276.1371815385546
2.891722630375029,-0.6873994818934106,2258.724786304397
2.8670839185138,-0.6677941295136363,2240.671453129688
2.8421584438928824,-0.6482447704971752,2222.267165537414
2.8181882018881197,-0.6290026356467374,2203.6431981197684
2.7925905060339784,-0.6100554545293451,2185.017487211445
2.7694746799133574,-0.593491402290519,2166.5905342403635
2.744517349207196,-0.5780388513048708,2148.5454057276656
2.7220339972608585,-0.5646261235848223,2131.0477332877203
2.7005889197513406,-0.5532837481305791,2114.24571362812
2.67936264562781,-0.5412295334096575,2098.2701085496806
2.6580940871873904,-0.5293543695801396,2083.2342449464436
2.6359010296427914,-0.5174180992934951,2069.2340148056746
2.6168030432377005,-0.5074893965547219,2056.347875207863
2.60005956351481,-0.49827078161624894,2044.6368483267242
2.5826367937997183,-0.48834578267123735,2034.1445214291964
2.5638948751669615,-0.47824907311498976,2024.897046875443
2.547937909153405,-0.46782096502551784,2016.903142118852
2.531143037700228,-0.45595145884021154,2010.1540897060354
2.5138366706434785,-0.44177532646276446,2004.6237372768298
2.4955458069848726,-0.4271603665699436,2000.2684975642967
2.4783439042063318,-0.41190091968621134,1997.0273483947215
2.4614367824855705,-0.39710395644212404,1994.8218326876142
2.445183778572046,-0.3815732280714851,1993.556058455709
2.426164377361127,-0.3647989156475125,1993.1166988049652
2.40501110172158,-0.346728375936853,1993.3729919345658
2.3857833997632047,-0.32813912237817405,1994.1767411369185
2.3668857746126846,-0.30877667272590253,1995.3623147976562
2.348894831358589,-0.28781992950338936,1996.746646395635
2.3298731920592357,-0.2659654461310108,1998.1292345029367
2.311439687028358,-0.24397057029585942,1999.2921427848657
2.293848383144197,-0.22127055712470634,1999.9999999999534
2.278313566189542,-0.19898426175203424,1999.9999999999534
2.2608781267432367,-0.17576892668006663,1999.9999999999534
2.2456349132520947,-0.1521413773338725,1999.9999999999534
2.2322383427758963,-0.12963066429694728,1999.9999999999534
2.2206449866099462,-0.10871816868751778,1999.9999999999534
2.2079736035851267,-0.08775757816003525,1999.9999999999534
2.194520881429969,-0.06697862111778664,1999.9999999999534
2.1791847840834135,-0.04456169996740201,1999.9999999999534
2.163448289866145,-0.021170472930817835,1999.9999999999534
2.147813084304894,0.0022193720637603827,1999.9999999999534
2.1337194045318153,0.024430471726097195,1999.9999999999534
2.121754679375201,0.04423999517157844,1999.9999999999534
2.10531355019921,0.06629801628535041,1999.9999999999534
2.087692692370933,0.08988628176706999,1999.9999999999534
2.0669007245697433,0.11499197488033278,1999.9999999999534
2.0448212376809223,0.14161218639484568,1999.9999999999534
2.0205672780337545,0.16860678946858498,1999.9999999999534
1.9967362885877578,0.1953844825220602,1999.9999999999534
1.969487208916528,0.22143671952103794,1999.9999999999534
1.9421606396573612,0.24799754839115784,1999.9999999999534
1.9143358625772708,0.2734877248748149,1999.9999999999534
1.8838329723479288,0.3001734444695018,1999.9999999999534
1.8524907300257478,0.3273774572205686,1999.9999999999534
1.8202504993130812,0.35373691959631776,1999.9999999999534
1.7864154106511065,0.3793931848625695,1999.9999999999534
1.7502453282412416,0.40412280653501176,1999.9999999999534
1.7137928619403417,0.4280494942190769,1999.9999999999534
1.6768133710930884,0.4510984333212623,1999.9999999999534
1.6376821906920844,0.47271322630249774,1999.9999999999534
1.5979113707444572,0.493103695148861,1999.9999999999534
1.5609543475214107,0.5111387684166349,1999.9999999999534
1.5250877932395075,0.5282111373857544,1999.9999999999534
1.4911046226232851,0.5420512514704694,1999.9999999999534
1.4556220922801555,0.5522593258408942,1999.9999999999534
1.4225018326588197,0.5623174482606039,1999.9999999999534
1.3918357639818446,0.5698676529916418,1999.9999999999534
1.3613459110624413,0.5758630929272671,1999.9999999999534
1.333173465693318,0.5806770108614878,1999.9999999999534
1.3064692053134013,0.5818261991860834,1999.9999999999534
1.2786884410494594,0.5812361095984723,1999.9999999999534
1.2511577923163815,0.5788068576933819,1999.9999999999534
1.226137167432218,0.5749878204893929,1999.9999999999534
1.2001530100940139,0.571708270919473,1999.9999999999534
1.1764700101684642,0.5659434797835518,1999.9999999999534
1.150750547321525,0.5592145370833399,1999.9999999999534
1.129306611916299,0.5509634131169938,1999.9999999999534
1.1101980666469156,0.5414286051279191,1999.9999999999534
1.0907221593472864,0.5315746263696924,1999.9999999999534
1.0701101825384025,0.5214715775265315,1999.9999999999534
1.0484990674160215,0.5110976044436121,1999.9999999999534
1.025839938238227,0.49926964022148906,1999.9999999999534
1.0019052262824277,0.48688987068782646,1999.9999999999534
0.979602046786171,0.4723552204683612,1999.9999999999534
0.9543224693830639,0.4564064180126437,1999.9999999999534
0.9271268587140732,0.43927673216585417,1999.9999999999534
0.8988603574610824,0.4201548055058125,1999.9999999999534
0.8713034885569575,0.4002787293680297,1999.9999999999534
0.8457245785408676,0.38007460882575506,1999.9999999999534
0.820812437311069,0.35801926533672446,1999.9999999999534
0.7991285208131417,0.3333872654670984,1999.9999999999534
0.7821292538364009,0.3073995688790059,1999.9999999999534
0.7672988858878991,0.2794234103184947,1999.9999999999534
0.7540991192875555,0.24898131978023014,1999.9999999999534
0.7415200472127857,0.21789155145310546,1999.9999999999534
0.7330958903875799,0.18710800584922754,1999.9999999999534
0.7253773663447755,0.1545642088398862,1999.9999999999534
0.7171793938243722,0.12254271833871284,1999.9999999999534
0.7086108045545902,0.09102146844241465,1999.9999999999534
0.6993221966797633,0.05792873012502768,1999.9999999999534
0.6917040393723672,0.025284380055388953,1999.9999999999534
0.6875219693197617,-0.007471821620772102,1999.9999999999534
0.685558187942879,-0.03943899760567811,1999.9999999999534
0.683092727541845,-0.07107457618441836,1999.9999999999534
0.6834197214801934,-0.10140748275866439,1999.9999999999534
0.6844056889347265,-0.12985166424447564,1999.9999999999534
0.6877592998898225,-0.15774174819514136,1999.9999999999534
0.6885775964156321,-0.1850204846137275,1999.9999999999534
0.6885602863400749,-0.21187521780493587,1999.9999999999534
0.6879170259407299,-0.23932909815234815,1999.9999999999534
0.6853264858367465,-0.2662324727781667,1999.9999999999534
0.6833348751870202,-0.2932084974606637,1999.9999999999534
0.6836173699052623,-0.3222067591387775,1999.9999999999534
0.6827504153142561,-0.35089913925466854,1999.9999999999534
0.6794764227202591,-0.3774737850839798,1999.9999999999534
0.677233092195583,-0.40380431601169964,1999.9999999999534
0.6763061213467375,-0.43041441470945474,1999.9999999999534
0.679143126799578,-0.4577702523243542,1999.9999999999534
0.6844144056953669,-0.4843102340755755,1999.9999999999534
0.6896249485077482,-0.5125379669320915,1999.9999999999534
0.6980309833591184,-0.5416450833608561,1999.9999999999534
0.7063504242348433,-0.5688754251086975,1999.9999999999534
0.7145382778050257,-0.5969799653247213,1999.9999999999534
0.7231296842989389,-0.6245307087062282,1999.9999999999534
0.7318105264070114,-0.6510471677518397,1999.9999999999534
0.739929079126457,-0.6763552079042447,1999.9999999999534
0.7473934359859387,-0.6994137582170373,1999.9999999999534
0.7535621978321682,-0.7205403617741012,1999.9999999999534
0.7604035623129125,-0.7400426415786721,1999.9999999999534
0.7694059723406148,-0.7578979039942005,1999.9999999999534
0.7821137930477029,-0.7740255526656036,1999.9999999999534
0.7933437612532473,-0.7872191070946781,1999.9999999999534
0.8028859201099393,-0.7990437311933606,1999.9999999999534
0.8145887087557709,-0.8117464469615702,1999.9999999999534
0.8284187855361521,-0.8240874278112256,1999.9999999999534
0.8394251064996892,-0.8367917934387695,1999.9999999999534
0.8517436266259326,-0.8502404471855425,1999.9999999999534
0.8659241837479625,-0.864585433341032,1999.9999999999534
0.8820072649544275,-0.8780172176514114,1999.9999999999534
0.8960492769246725,-0.8927456375843247,1999.9999999999534
0.9119585283429736,-0.9076981661133313,1999.9999999999534
0.9289286425911979,-0.9236980227225537,1999.9999999999534
0.9472139903407136,-0.939546121187089,1999.9999999999534
0.9652717068039063,-0.9537840307417088,1999.9999999999534
0.9825814998023933,-0.967693440111309,1999.9999999999534
1.001488743777313,-0.9824348799201621,1999.9999999999534
1.0207294653150922,-0.9970834580923281,1999.9999999999534
1.041161175586166,-1.0118725082813131,1999.9999999999534
1.0603996361625652,-1.0256266753799124,1999.9999999999534
1.0808158470860778,-1.038895274684071,1999.9999999999534
1.1017152166260094,-1.0505514637815347,1999.9999999999534
1.1184506830246776,-1.0603203368240055,1999.9999999999534
1.1367293030437087,-1.0697417167841348,1999.9999999999534
1.1579109455201564,-1.0775411768963026,1999.9999999999534
1.1812737036217078,-1.0840558026271556,1999.9999999999534
1.2060609667569495,-1.0888831333552975,1999.9999999999534
1.232968781582972,-1.0917269255744961,1999.9999999999534
1.2599672977251553,-1.0922940670848367,1999.9999999999534
1.2894904354812295,-1.0915441578201985,1999.9999999999534
1.3165752237546366,-1.0901998953905743,1999.9999999999534
1.34343507167929,-1.0887998884934351,1999.9999999999534
1.3705374268464543,-1.086781331735763,1999.9999999999534
1.397237548099591,-1.0849896851888041,1999.9999999999534
1.4278728016942739,-1.083003938876146,1999.9999999999534
1.458675020792482,-1.0788615829229762,1999.9999999999534
1.4898724310838658,-1.0721669507563003,1999.9999999999534
1.5248795140161664,-1.0653046191258917,1999.9999999999534
1.5623224880298947,-1.0582604138342047,1999.9999999999534
1.5990824122123877,-1.0494805521707662,1999.9999999999534
1.6330258276309126,-1.041585652313988,1999.9999999999534
1.6671109330860394,-1.0324288545329436,1998.6314760507842
1.6999041922735048,-1.0232620550524723,1996.3831867057208
1.7322313254922903,-1.01438518985076,1993.7101830316049
1.761954478019968,-1.0072833826897551,1991.0338086088457
1.7868570845000264,-1.0004523488673436,1988.7416995314195
1.8115208612153773,-0.9942500153216005,1987.1877844068706
1.8346569129894856,-0.9902024620889762,1986.692284356309
1.856348455405065,-0.9876463699114422,1987.541713014414
1.8750150457392385,-0.9854970549602209,1989.9888765294306
1.8922338015198819,-0.9838037663171939,1994.252873563172
1.9087002117112382,-0.9831819513291646,2000.5190952910173
1.9219948338990345,-0.9830278012987559,2008.9392254019147
1.9392210524672517,-0.9843817081347455,2019.6312400983786
1.9590422913206147,-0.987719702869027,2032.6794080964905
1.979499170601894,-0.9920461727384248,2048.1342906259
2.0001572234429013,-0.9986438143453393,2066.012741429823
2.0192551584886207,-1.005268310785756,2086.2979067650435
2.0365541978972312,-1.0128719218376019,2108.939225401912
2.053931364002705,-1.0216484622176276,2133.852428624348
2.0697601200205775,-1.0322677361842512,2160.919540229834
2.090023949897818,-1.043816720921778,2189.988876529426
2.1133865012976845,-1.0557967573376548,2220.8750463477418
2.1351905192451577,-1.067615268292388,2253.3589510229694
2.160147355735553,-1.0801268705503277,2287.187784406863
2.187141396764601,-1.0932501084563173,2322.075032864745
2.2166992714588565,-1.1054411972148395,2357.7004752755033
2.2459205959428763,-1.1165683866582716,2393.7101830315955
2.27445737357504,-1.1262414792429039,2429.7165200390436
2.301269153787793,-1.1352761882820706,2465.29814271744
2.3260246920257863,-1.1437293545018554,2499.9999999999413
2.35062036836199,-1.1523917085591595,2531.2805474095208
2.3772940125656525,-1.1609183578090285,2561.241446725258
2.4007445850820557,-1.1694362825848947,2590.5652745474167
2.4222853787333984,-1.1783871930058512,2619.88404624661
2.4447907238733264,-1.1873574643797828,2649.7792159638034
2.469377252823517,-1.1971472986863836,2680.781676610313
2.491748124294869,-1.2078285455686915,2713.371759867803
2.5138236397213793,-1.218087790092447,2747.9792361882933
2.535586646891932,-1.2276799797410125,2784.983314794151
2.5575853749989257,-1.2372887776474224,2824.712643678095
2.5794862688382754,-1.2475322042937909,2867.445309603196
2.599905320109985,-1.2572070446106143,2913.4088381028746
2.6236396561104343,-1.2677604047074513,2962.7801934809027
2.647051012066778,-1.2790346543640871,3015.6857788114035
2.6709089003723085,-1.2898859421777906,3072.2014359388504
2.696568566942962,-1.301816800285946,3132.3524454780672
2.7208600415306767,-1.312386079305914,3196.113526814231
2.7464328399718836,-1.3246650756112412,3263.4088381028664
2.771613575779035,-1.338035418256871,3334.1119762698513
2.7983311247631493,-1.352915616625076,3408.0459770114144
2.823640183058936,-1.367208643443413,3484.9833147941345
2.8479403579784717,-1.3807493867739113,3564.6459028549402
2.871536077557418,-1.3947465587085157,3646.705093201115
2.896993645434095,-1.4092287298552049,3730.781676610288
2.920920096563351,-1.423456507840027,3816.445882630443
2.9438635503492074,-1.4357562364198395,3903.2173795799135
2.965682595460587,-1.446815177294853,3990.565274547383
2.9870501172619477,-1.4574999223284015,4077.908113391889
3.009814554083648,-1.4686066610958002,4164.613880742815
3.0323468755232623,-1.4799991873447906,4249.999999999901
3.053382149220723,-1.4909595639832907,4333.333333333232
3.0726810655719112,-1.4997213517348982,4416.666666666563
3.0911259505382724,-1.509975556994442,4499.9999999998945
3.111147086495535,-1.5208173949522918,4583.333333333227
3.132023962626651,-1.5319569438688103,4666.666666666557
3.1525178189171617,-1.5436570423339764,4749.999999999889
3.171178240675222,-1.5561821673051577,4835.614206581836
3.191120681367087,-1.5694563982494065,4922.694688823606
3.2118482997711304,-1.5825103483993983,5010.483028280463
3.2341285461246745,-1.5967034814530372,5098.276985651728
3.255879475383498,-1.6123220686886643,5185.430500780769
3.27873594979656,-1.6269713356863398,5271.353692655016
3.302401296405015,-1.6417640898584407,5355.512859405949
3.3255221295208455,-1.6559236467783651,5437.430478309105
3.348994178349134,-1.668992142094686,5516.685205784076
3.3713750921894743,-1.6823438047737311,5592.911877394505
3.391522683939063,-1.695251251579092,5665.801507848094
3.4117011452041153,-1.7089789239050015,5735.101290996597
3.432488503396007,-1.7224216325989006,5800.6145998358215
3.454077900574058,-1.7357823570055493,5862.200986505633
3.473606594520598,-1.7479508824690426,5919.776182289948
3.494220573965041,-1.7591170710900195,5973.312097616741
3.5155270756889063,-1.7711266405277222,6022.836822058039
3.536948666639602,-1.7833802370699454,6068.434624329922
3.55734515533995,-1.7961626585354764,6110.245952292528
3.579077767896222,-1.8084858413512985,6148.4674329500485
3.6007024789350908,-1.8208263369749864,6183.351872450727
3.6220015754990174,-1.833247666683956,6215.208256086866
3.6410416365092892,-1.8438525556430574,6244.4017482948175
3.658986231316342,-1.8540847825977986,6271.353692654991
3.6768903142897584,-1.8635698943461239,6296.541611891855
3.6939934835269717,-1.8733696190865694,6320.499207873921
3.713210173004167,-1.8850440512095743,6343.816361613766
3.730955017493067,-1.896033503647916,6367.139133268016
3.7490063754733267,-1.9073145352072407,6391.169762137354
3.768132511405925,-1.9200187385205618,6416.666666666516
3.7850369603100957,-1.9322484167406149,6444.444444444294
3.8031542952380066,-1.9439698315680713,6472.222222222072
3.8218800403832187,-1.956412040858261,6499.999999999848
3.8427263872665964,-1.9708900253492245,6527.777777777625
3.8632112184001826,-1.9866569901484952,6555.555555555403
3.882963272506938,-2.0006420890358196,6583.333333333179
3.9025223614848645,-2.0145462072053824,6612.864319652803
3.922312315102434,-2.0283601578012704,6643.522368606469
3.9428701221741598,-2.0427200024396335,6674.724516762778
3.963091502422534,-2.0581662739481312,6705.930983166727
3.983815996862257,-2.0726138602391577,6736.645169339715
4.007327256743216,-2.0871309826942905,6766.413659279538
4.032241569093835,-2.1015198008780476,6794.826219460398
4.053608433347308,-2.1155722525964475,6821.515798832891
4.074988748526575,-2.1284606058519793,6846.158528824017
4.096574256227548,-2.140607933983568,6868.473723337175
4.117300558207179,-2.153533632905748,6888.223878752166
4.136975314115912,-2.167013551253743,6905.214673925186
4.155741950055185,-2.1807690341104693,6919.2949701888365
4.175034827659632,-2.1941824864478434,6930.356811352117
4.194114312329926,-2.208162765367222,6938.335423700427
4.213145892421001,-2.2216441989070077,6943.209215995566
4.231099334324758,-2.233292994640926,6944.999779475735
4.251026257536654,-2.245637170440816,6943.771887855534
4.271027224139066,-2.258327280025698,6939.633497325962
4.288302075428872,-2.269661736285669,6932.735746554422
4.305698035671706,-2.2799966552636963,6923.272956684712
4.3222573883694455,-2.288678604237169,6911.482631337035
4.335986584742268,-2.2965825384562266,6897.645456607991
4.345454164079903,-2.3036580681921324,6882.08530107058
4.354667420406078,-2.310273711046875,6865.169215774205
4.3680139297737925,-2.318870207789359,6847.307434244667
4.383211568144342,-2.330079084176031,6828.953372484168
4.399088177673886,-2.341667043570213,6810.603628971308
4.412020172586645,-2.3526577903899515,6792.79798466109
4.427550113372373,-2.3645472255190625,6776.119402984916
4.445568970078428,-2.377533876809147,6761.194029850589
4.464294457989013,-2.390701201197157,6746.26865671626
4.48395203586704,-2.403970755139989,6731.343283581933
4.50344245709141,-2.417026156422991,6716.417910447604
4.524391257427701,-2.429350610375736,6701.492537313276
4.546200828210296,-2.4427603577215597,6686.567164178949
4.567010327423591,-2.4570696359410595,6671.64179104462
4.588638389196336,-2.472525581146815,6656.716417910293
4.611578804460308,-2.488088634161793,6641.791044775963
4.634295832828808,-2.504724880132441,6626.865671641636
4.657034436575792,-2.5221452972319627,6611.940298507308
4.682856529207151,-2.5420368397894646,6597.01492537298
4.709665094768696,-2.5628893614463206,6582.089552238652
4.738364738162625,-2.584118057673966,6567.164179104324
4.768792856483429,-2.6054400877690513,6552.238805969996
4.798806726675489,-2.62486829381799,6537.313432835668
4.828479125793443,-2.6439743348419222,6522.38805970134
4.859531313451349,-2.663409971572305,6507.462686567012
4.889104420792944,-2.6815841831378666,6492.537313432685
4.915969444516421,-2.6973178305660745,6477.611940298355
4.941942582756532,-2.7125922926760087,6462.686567164028
4.9662388633653265,-2.7276404011811826,6447.761194029699
4.9868016760533145,-2.7425435874040693,6432.835820895371
5.007778427380337,-2.757251546106183,6417.910447761044
5.032531683709863,-2.7732397158938684,6402.985074626716
5.056857502067744,-2.788950214476688,6388.059701492388
5.078880132366821,-2.803863359715293,6373.134328358059
5.097539635303431,-2.817262874255204,6358.208955223732
5.116186797537244,-2.8311015256502206,6343.283582089403
5.136667721769694,-2.8450750635374096,6328.3582089550755
5.1543033334742745,-2.8569028248890196,6313.432835820748
5.173204448042883,-2.869274579862839,6298.507462686421
5.193657581499824,-2.881177163649838,6283.582089552093
5.213377264481346,-2.891334075030092,6268.656716417765
5.233413087294695,-2.9024757169359705,6253.731343283435
5.253847694216784,-2.9152335434471466,6238.805970149108
5.274084305942443,-2.9282264933014757,6223.8805970147805
5.295021878278257,-2.9418733522833316,6210.856067379755
5.3139305471530385,-2.95399393715731,6199.053508565709
5.3348747279979944,-2.9676909279346106,6187.840866699724
5.354209159360791,-2.9791448912511878,6176.63290671428
5.377064454430088,-2.99344407292892,6164.891212347257
5.399622368754572,-3.007810791731975,6152.124186141941
5.423449883283339,-3.0234174541579293,6137.887049447014
5.447169051385199,-3.0388806134570596,6121.781842416568
5.470525325290179,-3.054827518957943,6103.457424010087
5.494739541122706,-3.0726069715396425,6082.609471992464
5.519490810238709,-3.089803133700396,6058.980482933988
5.5423258480266595,-3.1057369931950647,6032.359772210354
5.566090289346664,-3.1217249214131453,6002.583474002656
5.590646875945634,-3.1385024584642833,5969.534541297389
5.614456650953324,-3.1557043205781916,5933.142745886452
5.63639094246265,-3.171722343722173,5893.384678367144
5.659233147467182,-3.1878442211863574,5850.283748142167
5.680312036143967,-3.204166260237569,5803.910183419619
5.699751573462965,-3.2197814707957226,5754.381031213009
5.718606122926823,-3.234476109481359,5701.86015734124
5.737457155493065,-3.2499440259054646,5646.558246428617
5.756290551285113,-3.2645456031954865,5588.732801904853
5.773170837373222,-3.2778911341146806,5528.688146005055
5.787896110182058,-3.2901497002483713,5466.775419769734
5.803513743799798,-3.303503818359706,5403.392583044807
5.817237058179986,-3.31508714951731,5338.984414481585
5.830937796641905,-3.3274015051211876,5274.042511536785
5.847105074694834,-3.341877247533043,5209.105290472526
5.865241691092574,-3.357136442183867,5144.757986356326
5.883898349414674,-3.3713080532549147,5081.632653061106
5.905202812215364,-3.386148994632159,5020.408163265189
5.926390959169751,-3.401144775692221,4959.183673469272
5.949607922570713,-3.419317021857366,4897.959183673355
5.972762478596203,-3.4372749163455962,4836.734693877438
5.999343363239672,-3.4583115627866854,4775.510204081522
6.026092572664855,-3.4788779976798727,4714.285714285605
6.0546573069969245,-3.49877996766183,4653.061224489687
6.084579012226229,-3.517175682028185,4591.83673469377
6.115846653866567,-3.5352815547023733,4530.612244897853
6.146428666651113,-3.5521485632692014,4469.387755101937
6.178099145291547,-3.5686501368256778,4408.16326530602
6.211366951724118,-3.586259124651274,4346.9387755101025
6.244550230712518,-3.603777635100223,4285.714285714186
6.277228003693111,-3.619738919070293,4224.489795918269
6.307313344809168,-3.6338887665438575,4163.265306122352
6.335115913260064,-3.6470465160096137,4102.040816326436
6.361746315093482,-3.659628109344397,4040.816326530518
6.386600500595303,-3.670851283679997,3979.591836734601
6.4099268155928995,-3.6813564817063833,3918.3673469386845
6.431194072548246,-3.6909140852103777,3854.9893796072856
6.450164594959936,-3.70081773341729,3790.227033860222
6.464622356942948,-3.7091148186161114,3724.7963674986986
6.475845037823616,-3.7168861501029546,3659.3603970053146
6.484710452500502,-3.7242917470059242,3594.52909754406
6.495268015276778,-3.732902579055241,3530.859402960318
6.5067666763588425,-3.7412391174755255,3468.855205780865
6.518462144026554,-3.750296331214874,3408.967357213867
6.530757598199246,-3.758895188570104,3351.5936671488844
6.54321687811132,-3.7682094141322517,3297.0789041568673
6.557086831399063,-3.7785412003552477,3245.7147954901593
6.571814996312864,-3.790123890906198,3197.740027082497
6.585558087959334,-3.8016701433248645,3153.3402435490066
6.600136679336017,-3.8128839486618737,3112.648048186209
6.615830716732614,-3.8232872609761066,3075.743002972016
6.633663788465171,-3.8340349796212028,3042.6516285657312
6.653523369197817,-3.844936553323279,3013.3474043080505
6.675024604847411,-3.8559358790452025,2987.750768221062
6.697066227155276,-3.867616910727171,2965.7291170082467
6.718320149482662,-3.879519755249341,2947.0968060544765
6.739638407726707,-3.8918805323364576,2931.6151494260157
6.763317030541925,-3.90523713277014,2918.9924198705207
6.786877371134951,-3.918115428822568,2908.88384881704
6.808039174500946,-3.929493690360564,2900.8916263760148
6.828388834197564,-3.939031045959978,2894.564901339278
6.844976499199406,-3.9486577265750014,2889.3997811800546
6.861017907875184,-3.9602787871549388,2884.8393320529613
6.877131626817089,-3.9709036598729863,2880.2735787940064
6.893687614256682,-3.981573141733147,2875.039504920592
6.910351356371015,-3.991828671647506,2868.421052631512
6.927038580699319,-4.0016805401288575,2859.6491228069503
6.943615531951401,-4.011320583315472,2850.8771929823897
6.958022473845754,-4.020132633625157,2842.1052631578286
6.97278862610205,-4.028718585496579,2833.333333333267
6.988035331925087,-4.038010085299918,2824.561403508706
7.004925717317283,-4.047568552674117,2815.7894736841445
7.021526117531875,-4.057400060162686,2807.0175438595834
7.035292628454334,-4.067140235813944,2798.245614035022
7.050542764739346,-4.077964210831113,2789.4736842104617
7.067716667225518,-4.090039673610541,2780.7017543858997
7.087816566139811,-4.1035851621106545,2771.929824561339
7.10907958036178,-4.118649283312202,2763.157894736778
7.131306504627883,-4.135757218355229,2754.385964912216
7.155499388887618,-4.15421285818255,2745.6140350876553
7.181866851367973,-4.174943859997547,2736.842105263094
7.2081429366470235,-4.196389779831458,2728.0701754385323
7.233366554684784,-4.217470752879068,2719.298245613972
7.25900987076923,-4.238264212977812,2710.52631578941
7.2853369302453626,-4.259594926730278,2701.7543859648495
7.310969875048835,-4.2799885735800185,2692.9824561402884
7.33664856325929,-4.300262897488107,2684.210526315727
7.361573573893202,-4.319944408990097,2675.4385964911653
7.383439699931466,-4.338489086641957,2666.666666666604
7.404240524683221,-4.356524671441283,2657.894736842043
7.424479300301623,-4.372711616131473,2649.122807017482
7.444256849635758,-4.388979140506304,2640.350877192921
7.464449215772858,-4.404888325764852,2631.57894736836
7.4822087021022465,-4.417695268914739,2622.9242717377297
7.499659918973572,-4.43014510539044,2614.344973803198
7.517892286086922,-4.442546479987427,2605.802065101266
7.5374933606955885,-4.4543457267534885,2597.259445202768
7.557050470493685,-4.466941663193626,2588.6839017128696
7.57697299966299,-4.479013512588012,2580.045110271073
7.599304731504176,-4.491483632420974,2571.315634551211
7.622152961663387,-4.504692742723322,2562.470926261451
7.644990158390536,-4.5183452569280185,2553.4893251442936
7.666270895877468,-4.533490640651749,2544.352058976572
7.683854790065479,-4.548520198389955,2535.0432435694543
7.704400749950825,-4.564610652138065,2525.5498827684387
7.7263249716199764,-4.5817038056431585,2515.8618684533603
7.749481532192058,-4.599657879009228,2505.9719805383857
7.772432413570871,-4.617715580284783,2495.8758869720145
7.793335169671884,-4.634462289229094,2485.5721437370803
7.813029163522696,-4.650258738258005,2475.06219485075
7.833145037896653,-4.66569755486137,2464.3503723645235
7.851858908569014,-4.6801572672051055,2453.4438963642333
7.871132417946796,-4.692743464822932,2442.3528749700467
7.892497685894926,-4.704347405744096,2431.090304336463
7.912467001222631,-4.714789513174101,2419.6720686523154
7.929852040174573,-4.725206037853761,2408.1169401407706
7.94503713476917,-4.733815403566808,2396.446579059327
7.960961718617302,-4.742055820829937,2384.6855336998187
7.9770190960752965,-4.750961926132255,2372.8612403884117
7.995578263606963,-4.7613297030320805,2361.004023485605
8.015538434099522,-4.772352743739816,2349.147095386232
8.036540898962523,-4.785019355474593,2337.326556519458
8.057459202438569,-4.797199575896917,2325.581395348783
8.07819562659516,-4.810845698969197,2313.953488372039
8.102054113344746,-4.825827084614779,2302.3255813952956
8.127686682212293,-4.840810804900277,2290.6976744185513
8.154657641826446,-4.854950018627502,2279.0697674418075
8.18284789386457,-4.869383459284883,2267.4418604650637
8.211902586373148,-4.883935036591413,2255.8139534883194
8.24140470826736,-4.899989102808474,2244.186046511575
8.269203058613463,-4.916490380605251,2232.5581395348313
8.297103057450563,-4.933687636916326,2220.9302325580875
8.321916755736869,-4.950752260539563,2209.3023255813437
8.344174088160182,-4.966804640241513,2197.6744186046
8.368270611049002,-4.981828589650117,2186.0465116278556
8.391221935014197,-4.99588067610969,2174.418604651112
8.4125545474075,-5.008267911422006,2162.3133055990766
8.4331679039252,-5.020319777605914,2149.9011116414968
8.451604078297454,-5.031468204108157,2137.3407615226192
8.469859113380442,-5.042635158081497,2124.779235561192
8.489171119922695,-5.053381113533577,2112.351755650462
8.50516866784974,-5.0632855263874035,2100.1817852581776
8.520524592626813,-5.0723103304145685,2088.381029426587
8.534273476864096,-5.081208981779956,2077.049434772438
8.54643735656507,-5.091140543743705,2066.2751894869784
8.558060989160364,-5.102068826111999,2056.1347233359584
8.56964562014008,-5.1114934652529005,2046.6927076596257
8.588016135743798,-5.123788231176297,2038.0020553727297
8.60789059639133,-5.136844491286109,2030.1039209645198
8.629568193680974,-5.150134417676079,2023.0277004987454
8.649564338726051,-5.162091574347338,2016.7910316136556
8.670380217584867,-5.173501117257218,2011.3997935220013
8.690911375395753,-5.185015655354567,2006.848107011032
8.712225051202509,-5.198290770414211,2003.1183344424978
8.735907878466055,-5.212334627980903,2000.1810797526502
8.762265611312126,-5.225022162628216,1997.995188452239
8.78897714025958,-5.237440683167861,1996.5077476265153
8.814824898536857,-5.247410405205883,1995.6540859352306
8.840105801916929,-5.25828036572159,1995.3577736126356
8.862544340935077,-5.268269839896149,1995.5306224674825
8.884894826019826,-5.2783684474489965,1996.0726858830228
8.906724594737645,-5.289547012528693,1996.8722588170087
8.928856783878217,-5.302233705186984,1997.8058778016923
8.95037770281345,-5.316130506738967,1998.7383209438256
8.971567190037938,-5.329220579652369,1999.522607924662
8.990514243665128,-5.342458613189466,1999.9999999999534
9.010398061504475,-5.357516361885592,1999.9999999999534
9.030912243980106,-5.374066758539897,1999.9999999999534
9.048029375456078,-5.389614578918816,1999.9999999999534
9.063631941431497,-5.408077938172452,1999.1446725317226
9.076809936265153,-5.427233965453266,1997.7394916910582
9.088692682310862,-5.446236745838604,1996.0688643947353
9.102162005553307,-5.466555850369623,1994.396130380511
9.115012888532267,-5.488013101071302,1992.9635622071198
9.126827749483716,-5.510774585703107,1991.9923652542764
9.137248344384181,-5.532478146043215,1991.6826777226759
9.14796274550075,-5.554693482818209,1992.2135706339911
9.159722397617047,-5.578909438756397,1993.7430478308768
9.167780194330422,-5.602685046263074,1996.408045976965
9.176034172162403,-5.627518821225516,2000.3244345568685
9.181912590531894,-5.651585950057978,2005.5870158761793
9.188455426151226,-5.677005039592979,2012.2695250614693
9.195415216271925,-5.704787847007378,2020.4246300602892
9.20378548955156,-5.734659861660015,2030.0839316411698
9.211922627175197,-5.762472238115841,2041.2579633936218
9.216616506928995,-5.7870067516841655,2053.936191728135
9.218145443026266,-5.810082889593855,2068.0870158761777
9.21746134090295,-5.830949852805186,2083.6577678901995
9.217373493830681,-5.8516646525103635,2100.574712643629
9.215952649687559,-5.872093465001824,2118.743047830874
9.217033567875594,-5.893420750146096,2138.0469039673208
9.216647134328966,-5.915389004215093,2158.349344389338
9.215190809944017,-5.938046883713471,2179.492365254272
9.210335449972868,-5.958903851675879,2202.1522230086784
9.205460839649154,-5.978115869473824,2225.8233053560675
9.200388091179812,-5.997203645681267,2249.9999999999472
9.194498953421204,-6.016693163474104,2274.176694643827
9.187466516211847,-6.03562047865021,2297.847776991216
9.177635267720069,-6.053975541362437,2320.507634745623
9.168124293455923,-6.0738127951735725,2341.650655610556
9.159716551255368,-6.092338547231007,2361.9530960325737
9.151362655323219,-6.1122300684147435,2381.256952169021
9.14123321684093,-6.134509836267914,2399.4252873562655
9.12731542548394,-6.157565176507862,2416.342232109695
9.113032253230454,-6.181525620124207,2431.9129841237173
9.098798067603012,-6.20738588989375,2446.06380827176
9.083667613431249,-6.235365961767699,2458.742036606273
9.067005053913723,-6.265339506720839,2470.21794864163
9.051039524596378,-6.2954228025003545,2480.3731964015687
9.034694115185832,-6.326769941935726,2489.1179345637966
9.014943326676937,-6.358420746605255,2496.3908204599893
8.994475179497561,-6.391370152723882,2502.1590140757908
8.974204271282183,-6.426224252205313,2506.4181780508156
8.954032752959787,-6.460613680285342,2509.1924776786454
8.933189207422055,-6.490812506326047,2510.534580906831
8.910445189002715,-6.520221920744099,2510.525658336893
8.888102848564364,-6.547154971966779,2509.2753832243197
8.869000913049769,-6.5726557509153025,2506.9219314785696
8.851445801831684,-6.596623408626491,2503.6319816630685
8.834937763603278,-6.6188596094285685,2499.6007149952125
8.818556745932087,-6.641097949035138,2495.0518153463654
8.801061190178304,-6.661386546082754,2490.2374692418607
8.784090067542147,-6.679332320742712,2485.4383658609995
8.76905652924241,-6.695011693282404,2480.963697037054
8.754190074989381,-6.7092463419223645,2475.9692885142154
8.742462391741768,-6.721286625345188,2470.473728979855
8.730201376488296,-6.732755035484694,2464.5030425962914
8.720027473899917,-6.742854084547815,2458.090689000793
8.708783320116803,-6.752554891984144,2451.277563305576
8.698180476816317,-6.762989830285867,2444.1119960978053
8.688966943838741,-6.772633157312807,2436.6497534395944
8.677963382243888,-6.783362947715236,2428.9540368680023
8.66773812115207,-6.795022923747675,2421.095483395041
8.659718987333108,-6.80563573047396,2413.152165507668
8.653585111057733,-6.818153699078526,2405.2095911677893
8.645444835613205,-6.832340585254662,2397.3607038122605
8.637184792858012,-6.846625368527882,2389.705882352886
8.629609029547817,-6.860580547701465,2382.352941176415
8.621480395328755,-6.875317810734461,2374.9999999999445
8.61084857139047,-6.891002939692771,2367.6470588234743
8.598860785458562,-6.907945667149368,2360.2941176470035
8.586520859395367,-6.926197739786388,2352.9411764705337
8.57381889587142,-6.946429976118592,2345.588235294063
8.561009476718457,-6.96696137161022,2338.2352941175923
8.547118896607861,-6.987407974561856,2330.882352941122
8.532989126714112,-7.009035125593461,2323.5294117646517
8.520668853230823,-7.031198174496269,2316.1764705881815
8.510270260355988,-7.055123904783866,2308.823529411711
8.500032757711883,-7.07841868846604,2301.4705882352405
8.49056192503425,-7.101264734388142,2294.1176470587698
8.480434056160455,-7.127218292513168,2286.7647058822995
8.469085871607996,-7.152189993932476,2279.4117647058292
8.45708153447268,-7.177162385468027,2272.0588235293585
8.444976016682102,-7.202065063015812,2264.7058823528887
8.432752203227906,-7.226211915131432,2257.3529411764175
8.421686233350437,-7.248826436275721,2249.9999999999472
8.408023823540773,-7.270934265209541,2242.647058823477
8.394171047193115,-7.29202875626123,2235.2941176470063
8.38085549970041,-7.312884710917038,2227.941176470536
8.368365054473838,-7.331925910332667,2220.5882352940657
8.35772246581972,-7.347882684324981,2213.235294117595
8.34790798915523,-7.362662323162759,2205.882352941125
8.339663325476172,-7.375006120467565,2198.5294117646545
8.332608913209903,-7.384930577999224,2191.176470588184
8.324580627463444,-7.3937997846340595,2183.823529411714
8.317532950780897,-7.400393542132846,2176.470588235243
8.312761235972381,-7.40512570417,2169.117647058773
8.308466457129022,-7.407202451337909,2161.7647058823027
8.302215843387279,-7.39721183442976,2156.223046403262
8.296245266331178,-7.38973582922879,2149.7326203208054
8.291515310427984,-7.384986903701282,2142.445854871376
8.290465577054896,-7.382865513943859,2134.507741816466
8.289594436730571,-7.3837993208688175,2126.0558374426228
8.288906059702242,-7.386352686989076,2117.2202625614423
8.289811926581665,-7.391251154177294,2108.1237025095725
8.290932794585625,-7.398283219192297,2098.881407148714
8.291807003645218,-7.408019384185304,2089.6011908656187
8.292750666422922,-7.420905935771462,2080.3834325720904
8.294359768711598,-7.436563690876687,2071.3210757049833
8.293296048082555,-7.45700766105035,2062.4996282262045
8.29018391163032,-7.481742341941957,2053.9971626227116
8.284547303687141,-7.508353167332915,2045.884315906515
8.277542453525577,-7.536809217727269,2038.2242896146756
8.269487077387922,-7.566479171967622,2031.072849809307
